Type,Name,Request Count,Failure Count,Median Response Time,Average Response Time,Min Response Time,Max Response Time,Average Content Size,Requests/s,Failures/s,50%,66%,75%,80%,90%,95%,98%,99%,99.9%,99.99%,100%
POST,/public-api/users,458,0,260.0,301.5762628253271,241.15163599998368,1352.337281,223.93886462882097,1.9133212494476655,0.0,260,280,320,350,420,470,520,540,1400,1400,1400
,Aggregated,458,0,260.0,301.5762628253271,241.15163599998368,1352.337281,223.93886462882097,1.9133212494476655,0.0,260,280,320,350,420,470,520,540,1400,1400,1400
